mysql: [Warning] Using a password on the command line interface can be insecure.
--------------
SET SESSION TRANSACTION ISOLATION LEVEL REPEATABLE READ
--------------

Query OK, 0 rows affected (0.00 sec)

--------------
start transaction
--------------

Query OK, 0 rows affected (0.00 sec)

--------------
select `pkAttr0`, `pkAttr1`, `pkAttr2`, `coAttr0_0` from `table0` where ( `coAttr0_0` = 89665 )
--------------

+---------+---------+---------+-----------+
| pkAttr0 | pkAttr1 | pkAttr2 | coAttr0_0 |
+---------+---------+---------+-----------+
|      35 |      39 |      22 |     89665 |
|     146 |     144 |      93 |     89665 |
|     162 |     160 |     101 |     89665 |
|     170 |     168 |     106 |     89665 |
|     347 |     345 |     217 |     89665 |
|     442 |     440 |     276 |     89665 |
|     587 |     586 |     367 |     89665 |
|     611 |     610 |     383 |     89665 |
|     745 |     751 |     466 |     89665 |
|     791 |     786 |     492 |     89665 |
|     839 |     837 |     523 |     89665 |
|    1120 |    1122 |     704 |     89665 |
|    1144 |    1146 |     719 |     89665 |
|    1184 |    1189 |     743 |     89665 |
|    1200 |    1203 |     751 |     89665 |
|    1266 |    1270 |     794 |     89665 |
|    1383 |    1380 |     864 |     89665 |
|    1553 |    1555 |     973 |     89665 |
+---------+---------+---------+-----------+
18 rows in set (0.00 sec)

--------------
update `table0` set `coAttr0_0` = 40569 where ( `pkAttr0` = 412 ) and ( `pkAttr1` = 409 ) and ( `pkAttr2` = 258 )
--------------

Query OK, 0 rows affected (0.00 sec)
Rows matched: 1  Changed: 0  Warnings: 0

--------------
select `pkAttr0`, `pkAttr1`, `pkAttr2`, `coAttr0_0` from `table0` where ( `coAttr0_0` = 17702 )
--------------

+---------+---------+---------+-----------+
| pkAttr0 | pkAttr1 | pkAttr2 | coAttr0_0 |
+---------+---------+---------+-----------+
|      21 |      18 |      12 |     17702 |
|     114 |     119 |      71 |     17702 |
|     284 |     287 |     177 |     17702 |
|     292 |     289 |     184 |     17702 |
|     300 |     297 |     185 |     17702 |
|     308 |     311 |     191 |     17702 |
|     315 |     313 |     199 |     17702 |
|     397 |     399 |     246 |     17702 |
|     412 |     409 |     258 |     17702 |
|     420 |     423 |     262 |     17702 |
|     530 |     528 |     331 |     17702 |
|     573 |     574 |     356 |     17702 |
|     603 |     606 |     377 |     17702 |
|     705 |     711 |     443 |     17702 |
|     951 |     948 |     592 |     17702 |
|    1039 |    1037 |     649 |     17702 |
|    1152 |    1154 |     721 |     17702 |
|    1222 |    1217 |     763 |     17702 |
|    1351 |    1349 |     841 |     17702 |
|    1401 |    1404 |     879 |     17702 |
|    1521 |    1523 |     951 |     17702 |
|    1543 |    1541 |     963 |     17702 |
|    1551 |    1549 |     969 |     17702 |
|    1585 |    1587 |     993 |     17702 |
+---------+---------+---------+-----------+
24 rows in set (0.00 sec)

--------------
commit
--------------

Query OK, 0 rows affected (0.00 sec)

Bye
